conditions,WEATHER_DELAY
0 - 10,0.48873483535528595
10 - 20,
20 - 30,16.22897196261682
